<?xml version="1.0" encoding="UTF-8"?>
<!DOCTYPE hibernate-configuration PUBLIC "-//Hibernate/Hibernate Configuration DTD 3.0//EN" "http://hibernate.sourceforge.net/hibernate-configuration-3.0.dtd">
<hibernate-configuration>
  <session-factory>

    <property name="hibernate.bytecode.use_reflection_optimizer">false</property>

    <property name="hibernate.connection.driver_class">org.sqlite.JDBC</property>
    <property name="hibernate.connection.url">jdbc:sqlite:C:\MyData\test.db</property>
    <property name="hibernate.connection.password"></property>
    <property name="hibernate.connection.username"></property>
    <property name="hibernate.dialect">onetomanyjpatest.SQLiteDialect</property>
    <property name="show_sql">true</property>
    
    <mapping class="onetomanyjpatest.Employees"/>
    <mapping class="onetomanyjpatest.Department"/>
        
  </session-factory>
</hibernate-configuration>
